-- phpMyAdmin SQL Dump
-- version 4.2.11
-- http://www.phpmyadmin.net
--
-- Client :  127.0.0.1
-- Généré le :  Mar 22 Novembre 2016 à 09:29
-- Version du serveur :  5.6.21
-- Version de PHP :  5.6.3

SET SQL_MODE = "NO_AUTO_VALUE_ON_ZERO";
SET time_zone = "+00:00";


/*!40101 SET @OLD_CHARACTER_SET_CLIENT=@@CHARACTER_SET_CLIENT */;
/*!40101 SET @OLD_CHARACTER_SET_RESULTS=@@CHARACTER_SET_RESULTS */;
/*!40101 SET @OLD_COLLATION_CONNECTION=@@COLLATION_CONNECTION */;
/*!40101 SET NAMES utf8 */;

--
-- Base de données :  `gestionvoiture`
--
CREATE DATABASE IF NOT EXISTS `gestionvoiture` DEFAULT CHARACTER SET utf8 COLLATE utf8_general_ci;
USE `gestionvoiture`;

-- --------------------------------------------------------

--
-- Structure de la table `assureur`
--

DROP TABLE IF EXISTS `assureur`;
CREATE TABLE IF NOT EXISTS `assureur` (
`id` int(11) NOT NULL,
  `nom` varchar(30) NOT NULL,
  `adresse` varchar(100) NOT NULL,
  `codePostal` char(5) NOT NULL,
  `ville` varchar(50) NOT NULL,
  `telephone` char(10) NOT NULL
) ENGINE=InnoDB DEFAULT CHARSET=utf8;

--
-- Vider la table avant d'insérer `assureur`
--

TRUNCATE TABLE `assureur`;
-- --------------------------------------------------------

--
-- Structure de la table `carburant`
--

DROP TABLE IF EXISTS `carburant`;
CREATE TABLE IF NOT EXISTS `carburant` (
  `nom` varchar(15) NOT NULL
) ENGINE=InnoDB DEFAULT CHARSET=utf8;

--
-- Vider la table avant d'insérer `carburant`
--

TRUNCATE TABLE `carburant`;
--
-- Contenu de la table `carburant`
--

INSERT INTO `carburant` (`nom`) VALUES
('DIESEL'),
('ESSENCE');

-- --------------------------------------------------------

--
-- Structure de la table `conducteur`
--

DROP TABLE IF EXISTS `conducteur`;
CREATE TABLE IF NOT EXISTS `conducteur` (
`id` int(11) NOT NULL,
  `nom` varchar(20) NOT NULL,
  `prenom` varchar(20) NOT NULL,
  `motDePasse` binary(20) NOT NULL,
  `mail` varchar(100) NOT NULL,
  `bonusMalus` decimal(3,2) DEFAULT NULL,
  `identifiant` varchar(10) NOT NULL
) ENGINE=InnoDB AUTO_INCREMENT=13 DEFAULT CHARSET=utf8;

--
-- Vider la table avant d'insérer `conducteur`
--

TRUNCATE TABLE `conducteur`;
--
-- Contenu de la table `conducteur`
--

INSERT INTO `conducteur` (`id`, `nom`, `prenom`, `motDePasse`, `mail`, `bonusMalus`, `identifiant`) VALUES
(9, 'Ballenghien', 'Audrey', 0x5e0288f6e49e8cc70abbbccadd1cdebb79f62434, 'audrey.ballenghien@gmail.com', NULL, 'aballenghi'),
(10, 'Ballenghien', 'Audrey', 0xff813450a98e75f46c5eed176d243bc9f920e03f, 'audrey.ballenghien@gmail.com', NULL, 'aball'),
(11, 'Ballenghien', 'Christian', 0xc4ce8480ee2123acdd253f866b156b75f8514862, 'christian.ballenghien@orange.fr', NULL, 'cball'),
(12, 'Ballenghien', 'Audrey', 0x4d5eccf93739c6305aaf8969a682cc57e1fd7395, 'audrey.ballenghien@gmail.com', NULL, 'aba');

-- --------------------------------------------------------

--
-- Structure de la table `contratassurance`
--

DROP TABLE IF EXISTS `contratassurance`;
CREATE TABLE IF NOT EXISTS `contratassurance` (
`id` int(11) NOT NULL,
  `categorie` varchar(20) NOT NULL,
  `nom` varchar(20) NOT NULL,
  `prix` decimal(7,2) NOT NULL,
  `voiture` char(10) NOT NULL,
  `conducteur` int(11) NOT NULL,
  `assureur` int(11) NOT NULL
) ENGINE=InnoDB DEFAULT CHARSET=utf8;

--
-- Vider la table avant d'insérer `contratassurance`
--

TRUNCATE TABLE `contratassurance`;
-- --------------------------------------------------------

--
-- Structure de la table `entretienafaire`
--

DROP TABLE IF EXISTS `entretienafaire`;
CREATE TABLE IF NOT EXISTS `entretienafaire` (
`id` int(11) NOT NULL,
  `entretien` int(11) NOT NULL,
  `modele` int(11) NOT NULL
) ENGINE=InnoDB AUTO_INCREMENT=6 DEFAULT CHARSET=utf8;

--
-- Vider la table avant d'insérer `entretienafaire`
--

TRUNCATE TABLE `entretienafaire`;
--
-- Contenu de la table `entretienafaire`
--

INSERT INTO `entretienafaire` (`id`, `entretien`, `modele`) VALUES
(1, 1, 1),
(2, 2, 1),
(3, 3, 2),
(4, 4, 3),
(5, 5, 4);

-- --------------------------------------------------------

--
-- Structure de la table `entretienfait`
--

DROP TABLE IF EXISTS `entretienfait`;
CREATE TABLE IF NOT EXISTS `entretienfait` (
`id` int(11) NOT NULL,
  `date` date NOT NULL,
  `kilometrage` int(11) NOT NULL,
  `commentaire` text,
  `voiture` char(10) NOT NULL,
  `entretienRegulier` int(11) DEFAULT NULL,
  `entretienPonctuel` int(11) DEFAULT NULL,
  `prix` decimal(7,2) NOT NULL
) ENGINE=InnoDB DEFAULT CHARSET=utf8;

--
-- Vider la table avant d'insérer `entretienfait`
--

TRUNCATE TABLE `entretienfait`;
-- --------------------------------------------------------

--
-- Structure de la table `entretienponctuel`
--

DROP TABLE IF EXISTS `entretienponctuel`;
CREATE TABLE IF NOT EXISTS `entretienponctuel` (
`id` int(11) NOT NULL,
  `nom` varchar(50) NOT NULL,
  `pieceConcerne` varchar(50) NOT NULL
) ENGINE=InnoDB DEFAULT CHARSET=utf8;

--
-- Vider la table avant d'insérer `entretienponctuel`
--

TRUNCATE TABLE `entretienponctuel`;
-- --------------------------------------------------------

--
-- Structure de la table `entretienregulier`
--

DROP TABLE IF EXISTS `entretienregulier`;
CREATE TABLE IF NOT EXISTS `entretienregulier` (
`id` int(11) NOT NULL,
  `nom` varchar(50) NOT NULL,
  `kilometrage` int(11) NOT NULL,
  `nombreMois` int(11) NOT NULL
) ENGINE=InnoDB AUTO_INCREMENT=6 DEFAULT CHARSET=utf8;

--
-- Vider la table avant d'insérer `entretienregulier`
--

TRUNCATE TABLE `entretienregulier`;
--
-- Contenu de la table `entretienregulier`
--

INSERT INTO `entretienregulier` (`id`, `nom`, `kilometrage`, `nombreMois`) VALUES
(1, 'Vidange', 100, 0),
(2, 'Controle Technique', 0, 24),
(3, 'Vidange', 100, 0),
(4, 'Vidange', 0, 6),
(5, 'Vidange', 100, 0);

-- --------------------------------------------------------

--
-- Structure de la table `garage`
--

DROP TABLE IF EXISTS `garage`;
CREATE TABLE IF NOT EXISTS `garage` (
`id` int(11) NOT NULL,
  `nom` char(10) NOT NULL,
  `adresse` varchar(100) NOT NULL,
  `codePostal` char(5) NOT NULL,
  `ville` varchar(30) NOT NULL,
  `telephone` char(10) NOT NULL
) ENGINE=InnoDB DEFAULT CHARSET=utf8;

--
-- Vider la table avant d'insérer `garage`
--

TRUNCATE TABLE `garage`;
-- --------------------------------------------------------

--
-- Structure de la table `marque`
--

DROP TABLE IF EXISTS `marque`;
CREATE TABLE IF NOT EXISTS `marque` (
  `nom` varchar(30) NOT NULL
) ENGINE=InnoDB DEFAULT CHARSET=utf8;

--
-- Vider la table avant d'insérer `marque`
--

TRUNCATE TABLE `marque`;
--
-- Contenu de la table `marque`
--

INSERT INTO `marque` (`nom`) VALUES
('CITROËN'),
('JEEP'),
('RENAULT');

-- --------------------------------------------------------

--
-- Structure de la table `modele`
--

DROP TABLE IF EXISTS `modele`;
CREATE TABLE IF NOT EXISTS `modele` (
`id` int(11) NOT NULL,
  `nom` varchar(50) NOT NULL,
  `marque` varchar(30) NOT NULL
) ENGINE=InnoDB AUTO_INCREMENT=5 DEFAULT CHARSET=utf8;

--
-- Vider la table avant d'insérer `modele`
--

TRUNCATE TABLE `modele`;
--
-- Contenu de la table `modele`
--

INSERT INTO `modele` (`id`, `nom`, `marque`) VALUES
(1, 'CLIO III', 'RENAULT'),
(2, 'MÉGANE', 'RENAULT'),
(3, 'C3', 'CITROËN'),
(4, 'JEEP', 'JEEP');

-- --------------------------------------------------------

--
-- Structure de la table `pleincarburant`
--

DROP TABLE IF EXISTS `pleincarburant`;
CREATE TABLE IF NOT EXISTS `pleincarburant` (
`id` int(11) NOT NULL,
  `date` date NOT NULL,
  `kilometrage` int(11) NOT NULL,
  `nbLitre` decimal(3,2) NOT NULL,
  `prixLitre` decimal(2,2) NOT NULL,
  `voiture` char(10) NOT NULL,
  `carburant` varchar(15) NOT NULL,
  `stationEssence` int(11) NOT NULL
) ENGINE=InnoDB DEFAULT CHARSET=utf8;

--
-- Vider la table avant d'insérer `pleincarburant`
--

TRUNCATE TABLE `pleincarburant`;
-- --------------------------------------------------------

--
-- Structure de la table `stationessence`
--

DROP TABLE IF EXISTS `stationessence`;
CREATE TABLE IF NOT EXISTS `stationessence` (
`id` int(11) NOT NULL,
  `nom` varchar(20) NOT NULL,
  `adresse` varchar(200) NOT NULL,
  `codePostal` varchar(5) NOT NULL,
  `ville` varchar(20) NOT NULL
) ENGINE=InnoDB DEFAULT CHARSET=utf8;

--
-- Vider la table avant d'insérer `stationessence`
--

TRUNCATE TABLE `stationessence`;
-- --------------------------------------------------------

--
-- Structure de la table `voiture`
--

DROP TABLE IF EXISTS `voiture`;
CREATE TABLE IF NOT EXISTS `voiture` (
  `immatriculation` char(10) NOT NULL,
  `image` blob,
  `dateAchat` date NOT NULL,
  `dateMiseEnCirculation` date NOT NULL,
  `dateVente` date DEFAULT NULL,
  `kilometrage` int(6) NOT NULL,
  `volumeReservoir` int(11) NOT NULL,
  `carburant` varchar(15) NOT NULL,
  `modele` int(11) NOT NULL,
  `conducteur` int(11) NOT NULL
) ENGINE=InnoDB DEFAULT CHARSET=utf8;

--
-- Vider la table avant d'insérer `voiture`
--

TRUNCATE TABLE `voiture`;
--
-- Contenu de la table `voiture`
--

INSERT INTO `voiture` (`immatriculation`, `image`, `dateAchat`, `dateMiseEnCirculation`, `dateVente`, `kilometrage`, `volumeReservoir`, `carburant`, `modele`, `conducteur`) VALUES
('DX-331-DV', 0xffd8ffe000104a46494600010101004800480000ffe1003a4578696600004d4d002a000000080003511000010000000101000000511100040000000100000b13511200040000000100000b1300000000ffdb004300080606070605080707070909080a0c140d0c0b0b0c1912130f141d1a1f1e1d1a1c1c20242e2720222c231c1c2837292c30313434341f27393d38323c2e333432ffdb0043010909090c0b0c180d0d1832211c213232323232323232323232323232323232323232323232323232323232323232323232323232323232323232323232323232ffc000110800c201f403012200021101031101ffc4001f0000010501010101010100000000000000000102030405060708090a0bffc400b5100002010303020403050504040000017d01020300041105122131410613516107227114328191a1082342b1c11552d1f02433627282090a161718191a25262728292a3435363738393a434445464748494a535455565758595a636465666768696a737475767778797a838485868788898a92939495969798999aa2a3a4a5a6a7a8a9aab2b3b4b5b6b7b8b9bac2c3c4c5c6c7c8c9cad2d3d4d5d6d7d8d9dae1e2e3e4e5e6e7e8e9eaf1f2f3f4f5f6f7f8f9faffc4001f0100030101010101010101010000000000000102030405060708090a0bffc400b51100020102040403040705040400010277000102031104052131061241510761711322328108144291a1b1c109233352f0156272d10a162434e125f11718191a262728292a35363738393a434445464748494a535455565758595a636465666768696a737475767778797a82838485868788898a92939495969798999aa2a3a4a5a6a7a8a9aab2b3b4b5b6b7b8b9bac2c3c4c5c6c7c8c9cad2d3d4d5d6d7d8d9dae2e3e4e5e6e7e8e9eaf2f3f4f5f6f7f8f9faffda000c03010002110311003f00f9fe8ae934a8f4cd6b4d5d25e28ed3534c9b7bacf13b1fe07f4f635996da16a3777b2da476ce268895903f1b0fa1ac9558dda9696feae6fec26edc9adfb7e467515ada97876f34ab7135c496e4138da926e20d64d5c64a4ae88a94a74a5cb356614514551985145140051451400514539e3923dbe62326e1b9770c647afd2801b45145001451450015ea5e0cf8710cb64752d6592449e2c5bc0873f780c39f7193c570be17d2ed759d761b0ba99e25941d85075603207d3ad7baab186e2dede2e06de147400715e4e67899c12a74dd9bdcf6b2ac0c6b5eacf65b7ea794e95f0eeeef358bc8ae4ba58db4ad1891705a520e005ede99adfb1f8536d145247a85dbc933a8da6218111ffd98d7a2c3771c6cc23019c9ec2837b1d89f39a332cdd557a007dcd79b5331c4cdd93b1e8d3cb28c34e5bbff003ff23cc3e2469969e16d0349d0ad102b4acd71367058e381b8f5cf27dbf2af33ae9bc7dac4dad78b2e679d0ab460420738c2fa03dbff00d75ccd7bd8284a14173eef57f33e77192bd692eda7dc145145751cc14514500741e17d2749d61aeadf50d47ec972540b50dc2b39f53f971ef599aa69577a35fc9677b16c950fe0c3d41ee2a95767a6df41e2cd3a3d0f559026a110c585e3753ff4cd8fa1f5ae5a8e74a5ed2f78f55dbcd7ea755350ab0f676b4ba79f93fd0e328a9aeed27b1ba92dae6268a68db6ba30e41ad8d23c2b7baa279cc45bc07a338e5be82b79548c63ccde8674a855ab3e482bb3068aeea3f0259456a7ed7a8b8b823811a8c0fc3a9fd2b97d674d874bba104574676c64e63db8fd6a29d78547689bd7cbebd0873d4565ea8cda28a2b638828a28a0028a28a002b73c2f7ba45aea423d6ec12e6ce62119cb10d0ff00b431d7deb0e8a8a905522e2faf62a127092923d72f7e14695731a5c699a94a90c8772b102452a4718e95c95d7c35f10c124cb1411dc88d0ba989b25c671803d7be3d2bd5fc090c70f836ca38afe2bd4507e78c1c2e4e761cf719f6addda6270e9d8e7e95f28b34c4d19ca1cdcd676d57f4cfa1fa8d0ad052b72b7d8f9b74ed0b51d57543a6db5bb1ba50c591c6d2bb4739f4f4acf6564728ca5594e0823041afaad63b712bdc470c6b2caa03b8501987b9fc4d78e7c53f0e3c1a941aa5a5a36cb9f92664e774bdb8f52057a582ce3eb15bd9ce3cb7dbd4f3f1197ba54f9e2eed1e6d4576d0fc3abf5f0cdf6a9781e3b88a212c36ebc923f8b70edc76ae26bd6a55e9d5bf23bd8e1a94674edcead70a28a2b6320a28a2800a28a2800a28a2800a28a2800a28a2800a28a2800a28a2800a28a2803d13c39e14d37ec10de5c15bb92401948242a7b7b9cd74b7d6d9ccabf7805121eec3b13eb8e9458c31dbda5b47000b02463600319e3aff005ab41812dbb90c306be7ea559ca7ccddcfbac3e1e9d1828c5246435a0910a98d5d4f55233fa571be27d016d94dedac6a91ae049180783ebf4aee86eb766182c14f18f4ac3f1278a60b22d60fa6f9e5d39677c2953e98e6baa8d4a9ceb955cc730a742541bada767e679bd14ac416240c02781e9495eb1f1614515623b2b896e92d9226333e30b8f5ef49b4b72a30949da2ae16763737f23476d1348caa59b1d80aea744f03497904926a2d25b93811a2e33f535d4e87a547a558adbc677313b9dc8e49ae92c2d1aea658d781d59bd0579389c7c95d43447d6e1b23a3460a788d5f55d3fa452f0efc3bd1a7b8490d9e6289f717918b127d0579dfc4b8e587c79a84326c0b1ec58913a247b46d15f435a7976f0a45180a8a300578878e3c39ac6bbe2dd5353b4b06fb2ee0118b0ccbb401951d4e715c59762a53c4b9559696ebea8e0cc69ba91e5a30b2bec97e763cee8af45b2f83fab5de9d15cc97f6b6f2b8dcf0c80e5076c91dff009573de21f07cbe1d80cb3ea16b312e15562c92debdbb57b70c6509cb9232bb3c8783aea2e4e3a239ba075e4e28a2ba4e636605b0d36ee2ba875791a58983a98602083f52715ea9a7f881b55d3a2be584a24c3ca321e09da4e781d33f5af12aea7c2fe2c1a3db4da7dec4f358ca772ec23742ff00de1ebee2b8319867522a4b56bf23dccb732a546af2ce2a307dafbf7d5b3dab4eba26111db25aa7ae14963f524d64f8b752bef0be9a35292c85fc6efb3e6202464f4dd819ae02d3c7f6ea8c66b6955d7eeec2083fe1516a7f13351bcb192c61853ecb2a6d912e3f780fe75e6432eaaaaa7cb75d7fe1cf4b178ec3a83746aabbf2d4e4b54d4eeb57be7bcbc70d2bf1f28c003d00ec2a9d1457d0c528ab23e4a52727cd277614514531051451400f86192e26486242f239c2a8ea4d75363e04d4e5db24f3456bdc73b981fa0ff1adbf08da687f6546b7786e2f946647652197e80f4f4c8aeaebccc46324a5cb056f53e8b0594d39414eabbdfb3d0c4bbf0f2ea56d6d26a0c2e6fed31fbf55dbe7a0e8ac3d47eb8a7f98fb70a703dab7645f2e1550792724d67dedb08dd6651f249d7d9ab8e955bfbafe47b94e8c295f956fb99fb6ab5de99677a856e2046c9ce40c1fcfad6908c3506ddbf879ae8f696654a1192b495d1c56a3e102aaf2d8cb9c72227f4fad72ac0ab153d41c1af5b64eaacbd7a822b89f11787a2b188de5b172acff00347b78507d08e82bb2857bbe591f3f9965b18c7dad156b6e73345145759f3e14514500145145007b17c25b5d52d74ebb69acdd6c6e0acb14c5c618f20e07e1fcabd14306eb5e13e07f1bcfe19b9fb35c6e9b4e9986e4ddcc47fbcbfd457b8c32c5730c7736f2ac90caa1d1d4f0c0f422be3736a152188739ad25b35fd6e7d265d5212a2a29ea89bee0c76ed45c2a4f0a6e456dbb5864670c3bfd69fb37c640ebda9b18dd02fd4d795e6777985bc2ae922b8055c6d208ce477af99359860b6d6efa0b55758229dd103fdec024735f52449b54015f39f8ff00508b52f1aea32c1b4c48e2252a720ed18e3f1cd7b9905493af35d2c7919ad9c548e668a28afab3c40a28a2800a28a2800a28a2800a28a2800a28a2800a28a2800a28a2800a28a2803acb8f1bcffd930d95a4263748563699db27818240aedb4790cfa1e9f3673ba15cfd71cd78ed743e19d7a6b1d5605b9ba22cb69470f9215402463d39ae1af855c9fbb5b6a7b382cca4aafef9dd3b2f43d4047bcf4e6b80f1c6a1a7deb45041293736b2323aed38c1eb83d3822bb69753861d06e353864564588c91b76271c0fcebc6ee2792e6e249e53992462cc7dcd736069394dc9f43bf38c5285254a3af37e447451457ae7cb9abe1bd23fb7bc4365a679a22170f82f8ce00049fd057a8ea9a7dbc3e27bc992255910f96180c7cb85c7f2af3df016cff0084cac19e5311562c84776c1e3f1af4fd63e6d5e4907491437f4fe95e463672fac28f4b7ea7d670dd38da526bfa5622b742c400324f4ae9ac952da1da319eacdeb5856584f9cf5ed5b5676773a89fdd8db08eb2374ffebd7935ddf7d8f6b14efbbb2259af5a60510ed8fb9fef7ff5ab3a286f6e2e4ccebe4dbaf1186fbc47ae3deba35b3b5b15fbc1a4fef31e7f01daabca7cc3f2fe75cd1a897c28e48564b48232ae5e429b0bb6df4cd711e31d0ee358b7805b3c61a12c76b70589c0ebd857a38d35663f3ca7e8a2ac47e1fd3dbfd642d27fbec6b6a58a5464a4ba135a542a5274aa5ecfb1f335f69b79a6cde55dc0f1b7627907e87a1aab5f4e6b3e08d335bd34d903259213966b60a0b7b1c835e1fe2cf87dac785375c5c224b60642a9711b67bf1b87504d7bb83cce9623dd7a48f94c5e115295e9ddc7cce4e8a28af4ce10a28a2800a28a2800a28a2800a29cd1c88aacc8caae32a48c061edeb53591b717b09bbddf670c0c8106491e949bd2e34aed23d1fc1761f61d044ef8df72de6671d17a01fd6ba386457724670bdfdeabc4567b68a440023202aa08200f4e2a641e5a63f135f3f565cf2727bb3ef28528d2a518476489656ce295944d6e636e847e5516e0d9c1e9c5395ab2b59686b7d4cb4251ca37041c55a8dc670dc7bd25dc40c9bc0ebd6a02ed1a676ee03af3cd74e9357408d1f2964186504555bcd216e6de48800e8ea4146acfd4f51beb4d2e4b9d3f633c5f33472216caf7c60d7057fe2cd67500e92dd9489fac710da07f5fd6aa8e1aac9de2ec8e1c66614b0feece2db650d4f4db8d2af9ed6e536b2f20e3861ea2a9d3e49a598832c8f210300b3134caf6a37b6a7c75471726e0ac828a28a6405496eb13dcc493c863859c0770325573c9c77c0a8e8a1ec07bc681e0af0ac3650c904316a0d83fe9137cfbb3edd062babb3b2b7b284436b0470c239091ae147e15e29f0f7c611e8575259ea573e5e9b22961f216db271cf033c8fe55ec5a6ebda4ea9196b0d46de7c0c90ae370fa83cd7c5e6543114ea3536e4bbf4ff23e97095a8ce0b9124fb1a4bba239232b53222e3e5e549c8a8c4aebc707d88ae67c47e3783c3da749736f6f1de795742de644976f96c5777a1af32146a55972c15d9d1566a11e691d648cb1a1dcfb723823ad7cbfe21fb00d76e869ad33db89080f310598e793c01c66ba1f147c49d4bc4107d9ade2fb05b139611c84bbfb16e38f6ae2abeaf27cb6a61539d47abe87858ec4c2ada30e9d428a28af70f3c28a2a582d67ba2c2086494a2976d8a4ed03a93e8286d2dc6936ec88a8ab11585dcf134b15b4af1a0cb305381501054e0820fbd24d3d87284a2936b7128a28a648514514005145140051451400514514005145140051451401b977aef9be16b2d263dc0c6ccd31e80f2768f7f5ac3a28a884141591a54ab2a8d3974497dc14515a161a35ddfa991144700fbd34876a8ff1aa949455d852a352b4b929abb2adadcc9677515cc271244e1d4fb8af5fb1be6d7edadee6de17dcebca918c1ef5e6c27d27496fdc46350b91ff002d24188d4fb0ef5eb5e1589aefc296d2ddb9796e4194b01b76e4f0171d302bcacc669454ec7d264cfead3941c937d96a97cf6fbafea4c2ceeed42b7d97ed18eaa186dfc7b9ab1fda9aa4b849256814702344d805571777fa75cf917044f11fb8edc123ebeb5af0ddc770be87fbac2bc79b7bb49f99ef546d6b28a7e65789657e5a4727fde356d6dd88e49fcea45d8a72140ab90cb6e4618956f71c573ca6fa1c93a8fa229f96cbeff5a5490a9f95994fb31156a59ed978662bef8e2b16ff0059d22de2b891f508316ffeb42b6593fe0239ee288a94f4b19f3ab5e7a1b516a3751749b77b380dff00d7a92e2fedb50b736ba8d84371138e5080c0ff00c05abce5bc79a45dc33c16f7e6391a3708d3031807b61bb57954facea773702e26d42e5e553957329c83c74f4e82bba86553aadf37bb63cdc5e2f0f4d2b252bf63b7f18fc379ed26bad4b43093d864b9b65044902fd0f51d6bceab560f12eb76f3acc9aa5d17031f34a581fa83c1acc773248ced8cb124e062be830f0ad08f2d477f3ff33c1af2a327cd4935e4368a2ad69f6136a77a9696fb7cd7ce371c0e066b76d257662936ec8dcf0bf83eeb5d9e29a6fdcd8643348dfc601c10befd69fe31f0fad86bf1c7a7c4c61bbc186251d0e71b47f9ef5e87a5da7f66e91656c846628c2be3b93c93f9e6b4a08a049d6f9e247b88d0a44cdced07ae2bcb78c97b4e6e87b0b030f65cbd743cfae3e16ea91c160239a237128637219b0b11c8c01ebc1ada83e1869bf69b5f36f1d962402e1507fad7ce4e09e831c575fe7c9b3e5cbcadc2fb9ab76f12dadac93cf22a88d0bbb9e8a00c9aca58baafa9b4707463ad8f1bf8893c47c4bf61b68d22b7b185618e345202f73fceb92ab5a9dd9bed52eae8bb3f9b2b3867ea413c7e9556bd7a71e5824789567cf3723d7fc37334de1ab391a010809b1141ce54719fc7934cd6b5bb7d22d24791d4cfb731c59e589e9f8570b078c2facf48834fb48e3884408f34fccc7273df815897979717f72d7175299256eac6bcf8609ba8e53dae7bb53378c28c614f59591eafe1fbd7d434482ea4ff0058e58b1c606727a7b5682b5739e05cb7878e589c4cc064e70303a57458c362b8eac546a4a27af869b9d084df5487b8dcb50f978353f6a76cacb9ac75ad4a52e9f05d40f6f326e8a418201c7e46bca75cd3d74bd6aeace32c5236f94b0e70467fad7abea3aa58e911abdecde5ee0768da496c7a579c78b6f2cb52d4e3bdb29c4892460329521948e39aefc0ca7cfaeccf0f3b54a54d59ae65f7d8e7e8a2b76e7c25aadaf862df5f96202ce77daa01f9803d188f43cd7a53a90834a4ed7d11f3518ca57b2d8c2a29f14524f2ac50c6f248e70a88b92c7d00ef524367733dea594503b5cbbf9622c7cdbb38c63d6a9c92dc5664145745a678235dd4f5d6d28594b0ca8e52592542123c7ab74fa63ad278d349b0d0bc4074cd3e46905bc28b33b1cee931963edd471582c55295454a2eeed7d3b16e94d479dad0e7aaf68daa4ba2eaf6da8c31c72496edb9564076938239c7d6a8d15b4a2a517196cc84dc5dd1d86a7f133c47a9472c4b711dac520da5604c103be1baf3f5a4d0b7def807c5303b67c96b7b90589ceedc41fcc57215b9a2ebb0e97a4eb3632da19cea302c4ae1f6f9641273d39e71f9571d5c2c214b96846dac5e9e4d7e86f1ad29cef51df47f918745145771ce152436f35cc9e5c113c8f8ced419351d3e29a585f7c523c6d8c65588349deda150e5e65cdb0f9ad2e6dffd7c12c7fefa115eb9a4d9c3a77872d74db541ba7559ae9c7264623a7d3dab96f87f6775aceab2c9757970d6b6ca19a32e48727a0fa57a48b589ee268e186349a26ca8c603a91d2bc7c7e23de54df4d4faac9b0f4617c42bf95eda799158e8cd2800948d7e99fd2a1f18d8f86f45f0ebde6a7125e5c9056da16c0dcf8f6e703bd6f5b359491859ad64864f5590953f9d54bdb3b4f992ea31776ed82619d4153fa57931ab2f689c9bb797f99e8629d4af1704edf2d0f9d89cb1380327a0ed495d278d74fd2f4fd71e3d33cc8c37ccf6edc88b3c800f71fcab9bafaca735520a4ba9f0f5a94a94dc25ba0a28a2accc28a28a0028a28a0028a28a0028a28a0028a28a0028a28a009ece68adeee396685668d4fcd1b746156754d5e7d4a5e7f7702f090afdd5159f454b8a6f98da388a91a4e945da2f57e7fd760af6ef026a505ef85ed618df7496c8239063ee9c9c0fcabc46babf0578a93c3b3dc4770bbade61b8e3a8600e3f3e0571e6141d6a368ee8ebcaf111a35fde764f43d9a58a39e3d922e47f2aa90218d8a9ec719ae3fc35f10e0bdb8fb1ea404123bb18e627e5e4e429fcf19aefede3597e6182adce47435f3f5694e83e59a3ea68e269d4a7cd077439a179ad9c42c16e029f2d89e33db3ed5e6779f11f5bd22f6e2c752d22d96e623b7019940f7ef90474af57fb2c912ef8c1651d47715e4df16b4f856facb53491bcd9d0c4f19e47cbd083f8f4ad72ff006552afb3a8ae99e6e613a91a7ed294ad62dffc2d3d3a68009b4db957c8042b8200ee41ae1fc59a95aeadad9bcb392478de351f3a052a476fe5587457bf47074a8cb9a07895b1f5ab53f6751dd051455e6d1efd3458f576b722c2494c2b2e460b0ed8eb5d1294636bbdce349bd8a3451455082ae69af716da9433c304923c2e1b62a9c9c76aab1bb4522c8870ca4303e845694fe23d5ee33befa51939f9309fcb1513e67a22e0e2b56f53d52daebed16f1c815d55b070ea411ec455f413b91b62623f0ae33e1eeb4845e585dcecf34ceb22191b24e07bd7a2c5683395ca1f6e95e25687b39b8b3e828d45560a488a359e14dde4b9cf5da326a878875cd1edb43bb8354958ac88633046d891891d3dbea78aea2d9244e0aab8fa578c7c4af0fc7a4ebcd796d3abc1784b14328678dfb83ce71e9f95561a9c6a54b36462aa4a9d3bc55ce32531995cc41847b8ec0c7240ed9f7a651457b87cf851451401d3f863c456ba1585e7991c925c48ca6341f748faf6aedb43d546b360b74762caccdba356ced1b881fa57915751e03b8923d7cc41f10c9131901e9c0e0d7062b0f1e59545b9ece5b8fa8aa428cbe1dbfe09e9278a9f1c66aa473c37019a09524556da4a1c8cff0093562f6e16cb4d9ee9d4b2c31172a3a900578f2be88fa98c924e5d0f3df88d701b55b581777c90ef273c1c938fe55c654f757735dc8af34af26d5d89b8e70a3a0a97494b39358b34d409166d328988ec99e6be82943d8d249eb63e1b155beb15e551753d1be1578434ed62da6d5b50b6791adae1441b89087032723bf247e55ea3e21d3c5df85b51b1485dc496cca91420024e3803b76156344d1acb40d323d3b4f565b6466650cd93f31cf5ef5a2e3071debe07198f957c4fb54dd93d3cac7b3428aa74b91f5dce0bc05f0fedfc350c77fa8a24daab7cc0e3220e3181efc9c9aeaac743d2b4fb892e6d6c208e7924695a508376e6393cd6814e7268c1e8bf9d635f1756bcdce72d5ff5635a746108a8c56c43713a5bc5248ec155417918f180057cb9af6a0356d7afafd4305b8999d4375c13c7e95f407c41d663f0ef84e7944625b8b83e4c419372a93fc441e38f7af9bebe978728da13ad6df45fa9e66655536a0ba0514515f4c79614514500145145001451450075de04f10cfa66ab069e153ecd7538121c7cd923039af668ed1fed4246182dc035f36c723c32a4b1b157460cac3a823a1af47d0be284d6de1fb8b4d4c19eee24cda4c739727236b1fc7afb578f98e0e7397b4a4bd4f732ecc55387b2a8fd3fc8f50b1b9b2bf819e3991d7715dc0f1907041f420d4c9e5a3182e10490f704671f4af9f340f145f683752c91b19a29ce6789dbef9e79cf63cf5ae834cf89fa9401c6a08b73b632222abb4eeedb8f71fe15c75729ab16f91dd1d14b35a324bda68ff2353e2ef86574e96c755b4466b6994c6ef9c853d547d319c5797d7a96a3e2fb7f18780350b19f65bdedb62e56324ed3b5b9dbf507a76af2daf5b2ff00691a5eceaef1763c8c7da557da27752d6e145145771c41451450014514500145145001451450014514500145145001451450014515b5e147d9e23b4cdb35c23931ba2a6f21586d2c07b673f8545497241cbb1508f34947b98b5d4e97e3dd6349d20585bc8331b030cadc9403aa91dc7f2aecadbe13597f67325cdecbf6b66c89507ca8b9e98ee48ae37c5be0bb9f0c3aca2659aca4216390901b38e415ff000ae18e33098a97b2dfd4eefabe2b0d175169dec69c1f16fc490c56ea5a07689f2ce63e645fee9ff11547c5fe361e2db4b757b01693452b3b047ca3023f435c8d15d11c1d084d4e31b3473bc556945c5cae98514515d27385761e0abcb7be8af3c2ba8c9b2d352c182427fd4dc0fba7f1e86b8fad2d1345d475cd416d74c85a4987cdb81c041ea4f6ae7c54233a4d49dbadfb35b334a4da9ab2b9a7e1ff0006df6b3e259b4894183ecac45d4847fab00e38f527b57aa5cfc36d165d022d2e01e43ab2b4976230d2c98cf53f535d168fa5cb636c2e2ffc9fed099116ea68724485460372072475ad3c43d9f77e95f258bcdab55a89c1d92eddfbff0091ef61b054a10f795db3cea3f847a1c313f997579348570a5982807d7815e7dae78075bd164e21fb642416125ba96c0071c8c70791c57d033488a0966551ea4e0570be2cf885a769563241a5dc47737f2a908f090eb11f527d7daba30398636752cbdebf7feb4271384c3469ddfbb63c515e6b5b8dca5e29a36ea386535b8be35d7e3ba8ee23bf747440840fbaf8ee54f19ac1776964691d8b3b12ccc4e4927bd36bea9c232f891e146a4a3f0bb1d1def8efc477c5b7ea5244ac9b0a43f20c7e1dfdeb9d24b1249249e493de928a718463f0ab0a5394f593b85145154485145140050091d0d1450075be03bd9935492c81cc32a1720f623b8adef1eeb26d34f4d3ede6512cf91320e484c7e99ae2fc33726d7c4369279a224dd89189006def9fcaa3f106a4356d6ee6ed49f2d9b11e47f08e0570cf0ea789527b257f99ebd3c6ba78074d3d5bb7cb7febd4ce8e379a548a246791c85555192c4f4007ad6c41e11f11dc4ad1c5a25fef53839819707ea4564432c904d1cd139492360c8ca70548e4115a779e28d7afc32dd6b17d2ab1c9569db1f96715d157db5d7b3b5bcee7971e5fb47d11e15d4752b8d3a0b7d76d3ec9a9c636946910f9c00fbca01fcc57418232c4658fbf4af9c7e1c6b50e95e38b6babf9b6c72a344d348dc2e470493db802be91522440c39cd7c066f83784af6e8f5d1597a2d5fe67b985aded21e840448c792a07a0a491e2b781a69a5544419666e001f5a95a3cf438aced53498755b09acaee212c12a956f519ee3d0d7041c64d293b23a9bbad0f35f1a7c52d26ef49934ed2e08efccea43bdc427647f407ab7e95e395ade24d0e5f0eeb73e9f2ba3853ba37570db932704e3a1e3a564d7e8d97e16861e97ee367adfb9f3b88ab3a93f7f741451457718051451400514514005145140051451400514514005145140051451400514528058800124f000a00b9a5e9775abdfc5696b1b3bc8c172070b9ee7d2a7d7f43b8f0feaf2d85c7cdb794900c0914f422bdbfc2fa15ae8ba35b2c56cb15d490a1b87c7cccd8e73fe155f5ef08daf8875ab2babcff00516f1b0755621a439040fa0e7f3af0bfb657b7b35ee2bfa9ecff00653f6374fde3c3a4d3af22b382ededdc5bdc16113e387dbd715ab1782f5f9ed6cee21d3e475bbddb00182a0776cf407b57bd0b6b7d9120b7882459f2d760c26460e2a52d584f3ca8fe18a368e4f0bfbd23ce6d3c0fe1ad22d22b7d76469af9977bb2332a807b0c7a60f345731e3ed724b9f15dc2425d23b7558464b0dd8e49c7e34575d3c2622ac15495469bd7730a989c3d29382a69db4d8e3a8a28af64f1c28a28a0028a28a002bd27e10fd9ff00b4750061cdc88815973f7573c8fc4ff2af36ad3d035bb8f0feaf0dfdbe0943f321e8ea7a8ae5c6d1956a12a71dd9d185aaa9568cdec8fa349c9feb5e79f133c3a971a69d5e15ba92e21203a872c8a9dce0f4fc2a0b2f8af03eb170b756cd1e9cc3f7240cba903f8b1d73edd2993fc54d36eed64b7b8d1a678a58ca488651839ea3e95f3d87c1e2f0f554e31dbfab1eed7c5616b527072dcf2ca2acdfbda497b23d8c32436c4e51247dccbf8d56afaa4eeae7cdb56760a28a29882be80f863a1c5a778520b81cbde0f3e46c75cf45fa01fad7cff5eddf0975fbdd5edb50b6bc9f78b548961418011304600fc3ad78b9f46a3c2de3b27a9e865d28aabaeef63d1ddbb557fddca09036b0e180ec69d33608aaf202b20957bf5af8e84743e82282455230ea1c7a119ae4f59f875a0ebb2b4cb1bd9dc30e5a0c004fa95aeb890dd78a684c1c838ae9a55aa527cd4dd98a74a152369ab9f387897c3f2786b556b096eedee5c2ee2616cedf661d8fb563d7b178e7e1d36a531d534830472609b88e47da1bfda04d78f30dac4641c1c641afb5c062e388a49a776b73e671541d1a8d5b4e82514515da7305145140051451400514514005145140051451400575d6bf123c436ba0b696b76e7694305c038922da7a67f8811c735c8d15955a14ab24aa453b772a33943e1763d0acfe317896ded1a09fecd72e576accf1e1d78ebc704fe1587aaf8ffc4bac59476b77a949b1339317eecbe7fbdb719ae668ac21976129cb9e34d27e85baf51ab3930a28a2bb0c828a28a0028a28a00eab4cd07fb77c28d25b2a8bdb59d94718f31480704fafa5606a1a6dd69974f6f7511474ea7a839e841af45f015b18bc386668d556794ed756ce71c723b1fe95a9a95ac17b0341731874618607af1d2bcc58b942b4a1bab9f42b2c857c342a276958f1ba2bbfd47c276b25834564a2397cc322b31cff00c073e95c24704b2ceb0471b34ac768503926bba9d58d457479389c1d4c3c9296b723a7c4e23991ca070ac0956e87d8d58d434f9b4db9104f8dc5436474e6aa5689a68e794654e567a346deb36d15d431ead65185b7900595147fab7ac644696458d14b3b10aa07524d5cd33526d3e66dcbe65bc836cb11e8c3fc6badf08787e293c5d69729fbdb0d8d710b1f51d14fb827f4ae79d4f6107cdd36ff0023d195158d92ab4f46dfbcbb79af27f83f91d0785fc07058d84926ab024b7b2060a33911a90471efcd258fc31d2a00af793cd70d8f9941dab9fe78aeda7b886d866691533d013c9fc2aa9bc1704089485ce493debe7feb5889372bdae7d1430147962b9345fd7cc864f0568ba8691fd9a20fb3424e434180d9ec49ef5cc6a5f06552591ec75748e111e516e79767f4f940c0fc0d77d6c246006e23e95cff008cfc576be1ab0314616e2fa60515049831f1f79b1c8eb5342be27da725296ffd753931987c3db9eaec8f13d52c7fb3753b8b2f392630bec322742475c5743f0ea4b61e2e860ba862963b88de202500807a83cf7e31f8d73da7c56d75a9451df5d1b7b776fde4fb7715f7c77adb8ed7c29632248facea376ead91f64b61111f8b9afa0c43bd3749deed744cf9da3a545515924fab3de877f6a31c561f84b5d8bc43a3b5cc4b3858a4f2774e54bbe00393b78ef5bac33d735f175212a737096e8fab84e338a9476633e94d97cc5b795a050f30426356e85b1c7eb4ec807a5797f8e3c71acd8ea371a55b402c9360fde919739ea54f4c1ff1adf0d869e227c9033c4578d087348f3ed5d6f9757bafed3565bd32169839c904f34553666762ccc598f24939268afb68ab4523e424eedb128a28aa105145140051451400514514005145140051451400514514005763f0efc59ff08ceb2f1cb134b6d7a52270a402a7770df864d71d45635e8c2bd374e7b32e9d49539a947a1f565df0aa7deabdbdf5abddc962d327da1220ed167e6da4f0df9835e53e08f885f67d365d2f589770851a4b79e47ea473e593efce0d70f7fe21bfbfd7df58690c7705c3285270a0745fa715f2f4724ab294a9cddadb3efd8f76798d38d28ca3ab7f81f4a88c30c1fcea193cc85b04641e9ef5e6d61f16925d0ef56e6116fa9ac2c60600b46efdbdc1f6e9ef5c843f12bc511c2f0c97e2e23704113460f518ea306b3a593e2a4da692b77ebe85cb32a306baa67b95c476d7d6b2da5cc65a2990a3a91c106bc7fc41f0b752b0679f4a916f6db71213216445ed9cf07f0ae665f166bf342d0c9ab5d146ea37ff005aa13ea37d72eef3de4f233fde2d2139fad7af83cbb118695e33567d2d7ff2387158dc3d75ac1dcacca558ab0c107045251457b6794145145001451450014514500145145001451450014514500145145001451450014514500145145007a8fc3e5ba8340972f13c12c9b906fdc54f4208edd2b6ef8123cc03a7deaf35f0bdeea5a66a20436b7134320fde44aa791fde1ee2bd292e5278c3a36e53ea307e8476af13114dc2b39f73ec32dad19e1d452b34513274159b67a25ada6ad36a0aa37c87e45c70991c91efd7f3ad1962f2e60a0f0dc8f61484f4ad13d34ea75ce9c64d392d8c0f17e9a26d296e62406481b2eddf61ebfae2b82af4df104371368b3450b468186659246c0551cfeb5e655dd859370b33e6b388255d497545ad3b4fb9d52fa2b3b58cbcb21c0f41ee7dabd4b44d1ffe116511c77124b23f327381ef81daa8fc2fd33ecda6ea5e20b838854792831cb1ea79fc856d8769e66964fbcc727dab831788739ba6be15f99ece418282a7ede4b566a88f4591d6490b077e732337f3ad286decc0fdc943f47cd50b482dcbf9574b9824e0b0ea87b30ab53e9371a649cfef613f76451fcebc89b57b7333d5a8d5f9799fccba5098da30cca186094383f81ae2f54f867a4de9792da4b8b599883924c83dfa9ce4fd6bb3b59c0c60d69f9eb2a6d939159c2bd5a32bc1d8f3b114613d2a46e786ea7f0cf50b465fb2dedb5c21cee2e7cb2be9d4f35c4c886295e32412a4a920e4715f476b3a2daea7633db19e6844ca5199304e0fd457877887c297fa1ea0f108269ad89fdd4ca990c3df1d0fb57bd97e39d6f76a3d4f0f30c1429252a3176ea697813c61ff0008e5db5b5e31fece9cee7c2e4a363861edeb5e99278ffc3715e2dbbdf81bd559650a59083ee3a1fad7819054904104750692af1395d1c454f68ee9f91cf4330ab461c8b53dff0050f1cf86f4f90472ea0b2318f7af90a6407db238cd79978cfc61a7f895638e0d31e368bfd5dc4927ce0771b4718fc6b8da28c3657468494d36da0af98d5ad17076498514515e91c014514500145145001451450014514500145145001451450014514500145145001451450014514500145145001451450014514500145145001451450014514500145145001451562c2d5efb50b7b58d0bb4b2050a3a9c9a4dd95c0bda5f86b58d6233258d8c924633f39c2a9fa13d6a4d4fc27ade8f68d777f6460815c207675f989f4c1e7a57bb59dbc36d6d1c11a6c86350aaa8300015cff8d7c23a87896dccb06a3b63b742f1597979dcc07ae7a9f5af29662fda5a56513b3eadee5d6acf0fa29f2c52412b45346d1c8870c8e3054fa114caf58e30a28a2800ad3d1754874cb9df3d8c1748dd7cc5cb2ffbb9acca2a651525665d39ca9c94a3ba3d7ad3598efa059ad9e39148ce01c15fa8ed567fb41caed9220c3b73cd78edbdccd6b32cb048d1b839054d7496be35b8538bab68e45c63319da735e7d4c12fb2ae7d1e1f39a7256aba3fc0eda494c8781b47d6ab5cddda598dd75711c5819019b9fcbad7332f8e07967c9b1c3f62ef903f4ae5af2f26beba7b8b872d239e7dbd87b5553c349efa21e2337a505fbaf799b7e22f1236a5fe8b6bb92d01e49e0c87fc2b9da28aee84141591f3b5ab4eb4f9e6f53abd03c4e34ed1574ac16f3aec484b1f9546001fd4d77d000718e86bc581c1c8af5ed0af05f6956d71b94b320dfb7a061d4579b8da4a3ef47a9f55c3f8c75212a12fb36b7ea75d6f089ed54faae3f1ad4d36f4b41f649f9dbc213e9e954743c4b0c91774391f43536a566c9b8afcbe6a9008ecd8af9e9d9c9c19db52d29ba72249ade30e48f97dc528b7940f94961ed59d697b35c5a2fda462651863d9bde9535392cdf8c3c7dd0ff4a7c93d86e954f87aa2e32f387241f43c557b8b33241208db6c85484624e01c704d6d69fab58dfa10b2a0651968e4c0207f85171ab785e0da2e6ff4d899c6e526755c8e99041acd4e69dacee72cf10e93e59ab1f386b9e19d6349be996eada698162df68442caf9ef9f5ac3af70d67e28785ed2275d3edae6f260e50a172898e79dd93915e59e22f1143ae48a6df47b2d3e30727c95cbb1f76fe95f5384af88a8bf794ede7ff00f99c4d2c3c75a73bf97fc130a8a28aef38828a28a0028a28a0028a28a0028a28a0028a28a0028a28a0028a28a0028a28a0028a28a0028a28a0028a28a0028a28a0028a28a0028a28a0028a28a0028a28a0028a28a0028a28a002b7fc1ba85a697e25b7babd7d90a861bb19c12302b028a99c54a2e2fa8d3b3b9f4bc97969a7e9f25f5d4a16de350cee067e52719e3b567ea7e2fd074ab48aecea4b2c6edb50dbfef32719c103db1f9d786c3e23d520d267d2c5d3bd94ca15a27f9828073f2e7a7e15955e4c72abcaf397fc31daf196568a3aff1beafe1ff00105d7f6969ab730deb36d951e3012518fbfc1e0ff3ae428a2bd4a54d528282d91c939b9cb998514515a101451450014514500145145001451450015ada1eb571a5dfdb9f39c5b07fde2751b4e33c7f9e9593454ce2a6accd28d69d19a9c1d9a3e81f0b6ab6b737714d6f32c90cb98c907a73c67d39159df18b5d9749b7d2acace468ae9a4371e629e5428da07e39fd2bc7b4ad62f346ba59ad2565c30664cf0f8f5ab9e2cd7cf897c433ea7b5d164540a8e73b70a011f4ce6bc88659cb8a537ac51ebe2f33588a5ccb49ecff00cd1dcf84be245a399a0f12b6cdecbe54b145f28e307701efce7deaf78af588ed743b8bdd1ef62b9425424d1306d993dc763f5af1da707655650c42b7de00f06ba5e5d4fda7b48e9e5d0c2966d5e10941bbdd6fd7d4d8ff0084b35cde1c6a0e181c821178fd2b1ddda4919d8e598e49f7a6d15dd18463f0ab1e7d4ad52a7c726fd585152db426e6ea1803053238404f6c9c56bf893c27aaf85f53fb1dfc070ed88664194987aa9fc47149d48292837ab2145b57461d6adb787b50b9d0ee759f2d62d3e0217ce94ed123138da9fde35ecbe12f849a769170b79abba6a0ec80a42f1e1109033919e4839c547f1af4e76f0bd85c5bc91c36b6b390f00f94316e84003a8e7f335e4c737a556bc68d1eaf7ff2fc8eafaa4a307399e13451457b272051451400514514005145140051451400514514005145140051451400514514005145140051451400514514005145140051451400514514005145140051451400514514005145140051451400514514005145140051451400514514005145140051451401b5aae84967a2697ab5accd3db5e2159095c79530fbc9fd69d1f8435d9748fed34d3a736e582a80a4bbe7b85eb8f7aecbe1c787aff57d2ee6defed95f4399d654f30e0f9a847283b823e535ebe0228003e3030140c6057cf62b379e1a7eca36934f7f2eda75e9f23d4c3e01568f3bd11f2f5ee95a869c913ded94f6eb28ca19632bbbf3aa75f46f8aefb44b3d299b5d4596d98e046c9b8b9f41ef5f3cde4f1dcdecd34502411bb965893a20ec057a197e3658a8394a36b7dc73e330b1c3c9252b90514515e89c6145145006ef832c06a7e33d22d1812af72a481e8bf31fe55f4b6b1a3d9eb71c51ddc2927d9e64b888b0fba5581e3ea323f1af97741d51f45d7ac7524049b699642075201e47e2335f54d86a16daa58457f632acd6f326e56539ebd8fbd7cc67caa46a42a2dbf53d3c072b8ca2c977162a7d2b96f88d716507832edf5086199460c30cafb77c9db18e78eb8f6ae9d41cf1902b1bc49e0bd2fc56b01d51ae552dc31458e5daa33d4918f6eb5e060f961562e6da49df43d1ac9f234b73e5ba2b435d834fb6d72ee0d2a5965b18e4db1492e37301d4f1ef9c7b628afd1232e68a7dcf9c6acec67d14515420a28a2800a28a2800a28a2800a28a2800a28a2800a28a2800a28a2800a28a2800a28a2800a28a2800a28a2800a28a2800a28a2800a28a2800a28a2800a28a2800a28a2800a28a2800a28a2800a28a2800a28a2800a28a2800a28a2800a28a2803e9df0b5d69b73e19b49749ff008f309b13e42bf7783c1f7cd5f793e6dadcab743e86bcd7e12f89addf4e3e1d97f773c65a48599ffd664e4a81db1d6bb6fedcd3a3d553489ee516f658fcc8e32793ff00d7e0f15f0389c24e962271b376d7e5dcfa9c2d58d4a4a6ff00a65c9e149d0c53449342dd51d4107f3af10f88de1dfec9d6ccd65a57d974f74056488b32139e73d94fb57b94ad1c6cabe746b2b8cac6ce0161ea2b97f12dd681ae68d71a5deeb305b29218b24ca4a953dc679fa57465b899d0aaa495d75dfefb138ca31ad4dabea8f00a2afeaf61069da83dbdb5fc37d101913439c1f6e7bd50afb48c9492923e6649c5d98514515420ad0d3b5cd5748cff0067ea3736a19b732c521504fa91d0d67d15328c64ad2571a6d6a8f68f0ffc68b3fb3450eb96732ceab87b88002ac7d76f626b13c73f152e7588ae34ad219574d9400d379656561dd793c0fe75e65457053cab0b4ea7b48c7e5d0e8962aaca3cad8514515e89cc1451450014514500145145001451450014514500145145001451450014514500145145001451450014514500145145001451450014514500145145001451450014514500145145001451450014514500145145001451450014514500145145001451450059d3e478b51b692376475954865382391deb6fc7134a3c71a93891f72ca36b6e391c0e94515c353fde97f85fe68eaa7fc17fe25fa97bc752cb3d9f8764964791cd864b3b124fcc7bd71b4514f2ff00f768fcff003618cfe3cbfae8145145769ca145145001451450014514500145145007ffd9, '2015-11-15', '2008-11-21', NULL, 70000, 50, 'DIESEL', 1, 12);

--
-- Index pour les tables exportées
--

--
-- Index pour la table `assureur`
--
ALTER TABLE `assureur`
 ADD PRIMARY KEY (`id`);

--
-- Index pour la table `carburant`
--
ALTER TABLE `carburant`
 ADD PRIMARY KEY (`nom`);

--
-- Index pour la table `conducteur`
--
ALTER TABLE `conducteur`
 ADD PRIMARY KEY (`id`), ADD UNIQUE KEY `identifiant` (`identifiant`);

--
-- Index pour la table `contratassurance`
--
ALTER TABLE `contratassurance`
 ADD PRIMARY KEY (`id`), ADD KEY `FK_ContratAssurance_Voiture` (`voiture`), ADD KEY `FK_ContratAssurance_Conducteur` (`conducteur`), ADD KEY `FK_ContratAssurance_Assureur` (`assureur`);

--
-- Index pour la table `entretienafaire`
--
ALTER TABLE `entretienafaire`
 ADD PRIMARY KEY (`id`), ADD KEY `FK_EntretienAFaire_EntretienRegulier` (`entretien`), ADD KEY `FK_EntretienAFaire_Modele` (`modele`);

--
-- Index pour la table `entretienfait`
--
ALTER TABLE `entretienfait`
 ADD PRIMARY KEY (`id`), ADD KEY `FK_EntretienFait_Voiture` (`voiture`), ADD KEY `FK_EntretienFait_EntretienPonctuel` (`entretienPonctuel`), ADD KEY `FK_EntretienFait_EntretienRegulier` (`entretienRegulier`);

--
-- Index pour la table `entretienponctuel`
--
ALTER TABLE `entretienponctuel`
 ADD PRIMARY KEY (`id`);

--
-- Index pour la table `entretienregulier`
--
ALTER TABLE `entretienregulier`
 ADD PRIMARY KEY (`id`);

--
-- Index pour la table `garage`
--
ALTER TABLE `garage`
 ADD PRIMARY KEY (`id`);

--
-- Index pour la table `marque`
--
ALTER TABLE `marque`
 ADD PRIMARY KEY (`nom`);

--
-- Index pour la table `modele`
--
ALTER TABLE `modele`
 ADD PRIMARY KEY (`id`), ADD KEY `FK_Modele_Marque` (`marque`);

--
-- Index pour la table `pleincarburant`
--
ALTER TABLE `pleincarburant`
 ADD PRIMARY KEY (`id`), ADD KEY `FK_PleinCarburant_StationEssence` (`stationEssence`), ADD KEY `FK_PleinCarburant_Voiture` (`voiture`), ADD KEY `FK_PleinCarburant_Carburant` (`carburant`);

--
-- Index pour la table `stationessence`
--
ALTER TABLE `stationessence`
 ADD PRIMARY KEY (`id`);

--
-- Index pour la table `voiture`
--
ALTER TABLE `voiture`
 ADD PRIMARY KEY (`immatriculation`), ADD KEY `FK_Voiture_Conducteur` (`conducteur`), ADD KEY `FK_Voiture_Carburant` (`carburant`), ADD KEY `FK_Voiture_Modele` (`modele`);

--
-- AUTO_INCREMENT pour les tables exportées
--

--
-- AUTO_INCREMENT pour la table `assureur`
--
ALTER TABLE `assureur`
MODIFY `id` int(11) NOT NULL AUTO_INCREMENT;
--
-- AUTO_INCREMENT pour la table `conducteur`
--
ALTER TABLE `conducteur`
MODIFY `id` int(11) NOT NULL AUTO_INCREMENT,AUTO_INCREMENT=13;
--
-- AUTO_INCREMENT pour la table `contratassurance`
--
ALTER TABLE `contratassurance`
MODIFY `id` int(11) NOT NULL AUTO_INCREMENT;
--
-- AUTO_INCREMENT pour la table `entretienafaire`
--
ALTER TABLE `entretienafaire`
MODIFY `id` int(11) NOT NULL AUTO_INCREMENT,AUTO_INCREMENT=6;
--
-- AUTO_INCREMENT pour la table `entretienfait`
--
ALTER TABLE `entretienfait`
MODIFY `id` int(11) NOT NULL AUTO_INCREMENT;
--
-- AUTO_INCREMENT pour la table `entretienponctuel`
--
ALTER TABLE `entretienponctuel`
MODIFY `id` int(11) NOT NULL AUTO_INCREMENT;
--
-- AUTO_INCREMENT pour la table `entretienregulier`
--
ALTER TABLE `entretienregulier`
MODIFY `id` int(11) NOT NULL AUTO_INCREMENT,AUTO_INCREMENT=6;
--
-- AUTO_INCREMENT pour la table `garage`
--
ALTER TABLE `garage`
MODIFY `id` int(11) NOT NULL AUTO_INCREMENT;
--
-- AUTO_INCREMENT pour la table `modele`
--
ALTER TABLE `modele`
MODIFY `id` int(11) NOT NULL AUTO_INCREMENT,AUTO_INCREMENT=5;
--
-- AUTO_INCREMENT pour la table `pleincarburant`
--
ALTER TABLE `pleincarburant`
MODIFY `id` int(11) NOT NULL AUTO_INCREMENT;
--
-- AUTO_INCREMENT pour la table `stationessence`
--
ALTER TABLE `stationessence`
MODIFY `id` int(11) NOT NULL AUTO_INCREMENT;
--
-- Contraintes pour les tables exportées
--

--
-- Contraintes pour la table `contratassurance`
--
ALTER TABLE `contratassurance`
ADD CONSTRAINT `FK_ContratAssurance_Assureur` FOREIGN KEY (`assureur`) REFERENCES `assureur` (`id`),
ADD CONSTRAINT `FK_ContratAssurance_Conducteur` FOREIGN KEY (`conducteur`) REFERENCES `conducteur` (`id`),
ADD CONSTRAINT `FK_ContratAssurance_Voiture` FOREIGN KEY (`voiture`) REFERENCES `voiture` (`immatriculation`);

--
-- Contraintes pour la table `entretienafaire`
--
ALTER TABLE `entretienafaire`
ADD CONSTRAINT `FK_EntretienAFaire_EntretienRegulier` FOREIGN KEY (`entretien`) REFERENCES `entretienregulier` (`id`),
ADD CONSTRAINT `FK_EntretienAFaire_Modele` FOREIGN KEY (`modele`) REFERENCES `modele` (`id`);

--
-- Contraintes pour la table `entretienfait`
--
ALTER TABLE `entretienfait`
ADD CONSTRAINT `FK_EntretienFait_EntretienPonctuel` FOREIGN KEY (`entretienPonctuel`) REFERENCES `entretienponctuel` (`id`),
ADD CONSTRAINT `FK_EntretienFait_EntretienRegulier` FOREIGN KEY (`entretienRegulier`) REFERENCES `entretienregulier` (`id`),
ADD CONSTRAINT `FK_EntretienFait_Voiture` FOREIGN KEY (`voiture`) REFERENCES `voiture` (`immatriculation`);

--
-- Contraintes pour la table `modele`
--
ALTER TABLE `modele`
ADD CONSTRAINT `FK_Modele_Marque` FOREIGN KEY (`marque`) REFERENCES `marque` (`nom`);

--
-- Contraintes pour la table `pleincarburant`
--
ALTER TABLE `pleincarburant`
ADD CONSTRAINT `FK_PleinCarburant_Carburant` FOREIGN KEY (`carburant`) REFERENCES `carburant` (`nom`),
ADD CONSTRAINT `FK_PleinCarburant_StationEssence` FOREIGN KEY (`stationEssence`) REFERENCES `stationessence` (`id`),
ADD CONSTRAINT `FK_PleinCarburant_Voiture` FOREIGN KEY (`voiture`) REFERENCES `voiture` (`immatriculation`);

--
-- Contraintes pour la table `voiture`
--
ALTER TABLE `voiture`
ADD CONSTRAINT `FK_Voiture_Carburant` FOREIGN KEY (`carburant`) REFERENCES `carburant` (`nom`),
ADD CONSTRAINT `FK_Voiture_Conducteur` FOREIGN KEY (`conducteur`) REFERENCES `conducteur` (`id`),
ADD CONSTRAINT `FK_Voiture_Modele` FOREIGN KEY (`modele`) REFERENCES `modele` (`id`);

/*!40101 SET CHARACTER_SET_CLIENT=@OLD_CHARACTER_SET_CLIENT */;
/*!40101 SET CHARACTER_SET_RESULTS=@OLD_CHARACTER_SET_RESULTS */;
/*!40101 SET COLLATION_CONNECTION=@OLD_COLLATION_CONNECTION */;
